res_name,res_streetaddress,res_locality,zipcode,res_price,res_stars
Polo Lounge,9641 Sunset Boulevard,Beverly Hills,90210,2,3.0
Amici,469 N. Doheny Drive,Beverly Hills,90210,2,3.5
La Scala,434 North Canon Drive,Beverly Hills,90210,2,4.0
Da Pasquale,9749 Santa Monica Boulevard,Beverly Hills,90210,2,3.5
Matsuhisa,129 North La Cienega Blvd.,Beverly Hills,90211,4,4.0
McCormick & Schmick's,206 North Rodeo Drive,Beverly Hills,90210,3,3.0
Belvedere,9882 South Santa Monica Boulevard,Beverly Hills,90212,3,3.5
Enoteca Drago,410 North Canon Drive,Beverly Hills,90210,2,3.0
Sushi Dokoro Ki ra la,9777 South Santa Monica Boulevard,Beverly Hills,90210,3,3.0
Nic's,453 North Canon Drive,Beverly Hills,90210,3,3.0
Tanzore,50 North La Cienega,Beverly Hills,90211,2,3.0
The Ivy,113 N Robertson Blvd.,Los Angeles,90048,3,3.0
Mr. Chow,344 North Camden Drive,Beverly Hills,90210,4,3.0
Panini Cafe,9601 S. Santa Monica Blvd,Los Angeles,90210,2,3.0
Fogo De Chão,133 N. La Cienega Boulevard,Beverly Hills,90211,2,3.5
Red Medicine,"8400 Wilshire Blvd Beverly Hills, CA",Los Angeles,90211,3,3.5
The Bazaar,465 South La Cienega Boulevard,Los Angeles,90048,2,3.5
Chaya Brasserie,8741 Alden Drive,Los Angeles,90048,4,3.5
The Grill on the Alley,9560 Dayton Way,Beverly Hills,90210,4,4.0
The Farm of Beverly Hills,439 N. Beverly Drive,Beverly Hills,90210,2,3.0
Via Alloro,301 N Canon Dr,Beverly Hills,90210,3,3.0
Tagine,132 N. Robertson Blvd,Beverly Hills,90211,3,3.0
Nirvana,8689 Wilshire Blvd,Beverly Hills,90211,3,0.0
208 Rodeo,208 Via Rodeo Dr,Beverly Hills,90210,3,3.0
Villa Blanca,9601 Brighton Way,Beverly Hills,90210,2,3.0
Crustacean,9646 S. Santa Monica Blvd,Beverly Hills,90210,4,4.0
Urasawa,218 N. Rodeo Drive,Beverly Hills,90210,5,4.5
Kate Mantilini,9101 Wilshire Blvd,Beverly Hills,90210,3,3.0
Oliver Cafe,9601 Wilshire Blvd,Beverly Hills,90210,2,3.0
The Stinking Rose,55 North La Cienega Boulevard,Los Angeles,90211,2,3.5
Il Cielo,9018 Burton Way,Beverly Hills,90211,3,3.5
Estérel,8555 Beverly Blvd.,Los Angeles,90048,3,4.5
Cut,9500 Wilshire Boulevard,Beverly Hills,90212,3,4.5
Il Tramezzino,454 North Canon Drive,Beverly Hills,90210,1,3.5
Spago - Beverly Hills,176 North Canon Drive,Beverly Hills,90210,3,4.5
Mastro's Steakhouse,246 North Canon Drive,Beverly Hills,90210,3,4.0
Hakkasan,233 North Beverly Drive,Los Angeles,90210,4,4.5
Larder at Maple Drive,345 North Maple Drive,Los Angeles,90210,1,3.5
Massimo,9513 S. Santa Monica Blvd.,Los Angeles,90210,3,3.0
Gonpachi,134 North La Cienega Blvd,Beverly Hills,90211,2,4.0
Chakra - Beverly Hills,151 S. Doheny Drive,Beverly Hills,90211,2,2.0
Simon LA,8555 Beverly Blvd,Los Angeles,90048,4,3.0
Blue on Blue,9400 West Olympic Blvd.,Los Angeles,90212,2,3.5
Gardens,300 S. Doheny Dr.,Los Angeles,90048,3,3.5
Mako,225 Beverly Drive,Beverly Hills,90212,2,3.5
Jaan,9291 Burton Way,Beverly Hills,90210,2,3.5
Spark Woodfire Grill,9575 W. Pico Blvd.,Los Angeles,90035,2,3.0
The Buffalo Club,1520 Olympic Boulevard,Santa Monica,90404,2,3.0
Chinois on Main,2709 Main Street,Santa Monica,90405,3,3.5
Cafe Montana,1534 Montana Avenue,Santa Monica,90403,3,3.0
Ocean and Vine,1700 Ocean Avenue,Santa Monica,90401,3,3.5
Border Grill,1445 4th Street,Santa Monica,90401,3,3.0
Whist at the Viceroy,1819 Ocean Avenue,Santa Monica,90401,3,3.5
One Pico,One Pico Boulevard,Santa Monica,90405,3,3.5
Enterprise Fish Co.,174 Kinney Street,Santa Monica,90405,3,3.0
JiRaffe,502 Santa Monica Boulevard,Santa Monica,90401,3,3.0
Wilshire,2454 Wilshire Boulevard,Santa Monica,90403,2,3.0
Rustic Canyon Wine Bar and Seasonal Kitchen,1119 Wilshire Blvd.,Santa Monica,90401,3,4.0
The Lobster,1602 Ocean Avenue,Santa Monica,90401,2,3.0
Cézanne,1740 Ocean Avenue,Santa Monica,90401,3,3.5
The Penthouse,1111 2nd Street,Santa Monica,90403,3,3.5
Typhoon,3221 Donald Douglas Loop South,Santa Monica,90405,2,3.0
Huckleberry Cafe,1014 Wilshire Boulevard,Los Angeles,90401,2,3.5
Milo and Olive,2723 Wilshire Boulevard,Los Angeles,90403,2,0.0
Opaque,2020 Wilshire Blvd.,Santa Monica,90403,4,3.0
La Botte Ristorante,620 Santa Monica Boulevard,Santa Monica,90401,3,3.0
Locanda Del Lago,231 Arizona Avenue,Santa Monica,90401,2,3.5
Monsoon Cafe,1212 3rd Street Promenade,Santa Monica,90401,2,4.0
Melisse,1104 Wilshire Boulevard,Santa Monica,90401,3,4.5
Valentino,3115 Pico Boulevard,Santa Monica,90405,3,4.0
Catch,1910 Ocean Way,Santa Monica,90405,3,3.0
Giorgio Baldi,114 West Channel Road,Santa Monica,90402,3,3.5
Josie,2424 Pico Boulevard,Santa Monica,90405,2,3.5
Sam's by the Beach,108 W. Channel Road,Santa Monica,90402,2,4.0
Michael's,1147 3rd Street,Santa Monica,90403,3,4.5
Ushuaia Argentinean Steakhouse,2628 Wilshire Blvd.,Los Angeles,90403,2,3.0
RAWvolution Cafe,2301 Main Street,Los Angeles,90405,1,3.0
The Misfit Restaurant and Bar,225 Santa Monica Blvd.,Los Angeles,90401,2,3.0
Brick+Mortar,2435 Main Street,Los Angeles,90405,2,3.0
La Cachette,1733 Ocean Avenue,Santa Monica,90401,3,3.5
Ozumo,393 Santa Monica Place,Santa Monica,90401,3,4.0
Anisette Brasserie,225 Santa Monica Boulevard,Santa Monica,90401,2,3.0
i. Cugini,1501 Ocean Avenue,Santa Monica,90401,2,3.0
Drago,2628 Wilshire Boulevard,Santa Monica,90403,3,3.5
Tengu - Santa Monica,1541 ocean Avenue Suite120,Los Angeles,90401,4,3.5
Planet Raw,609 Broadway,Santa Monica,90401,2,3.0
3 on Fourth,1432-A 4th Street,Santa Monica,90401,3,3.0
Cinch,1519 Wilshire Blvd.,Los Angeles,90403,3,3.5
Violet,3221 Pico Blvd.,Santa Monica,90405,3,3.5
Rockenwagner,2435 Main Street,Los Angeles,90405,2,3.5
Lavande,1700 Ocean Avenue,Los Angeles,90401,2,3.0
The Grille,101 Wilshire Blvd.,Los Angeles,90401,2,3.0
Gotham Hall,1431 Third Street Promenade,Santa Monica,90401,2,2.0
The Hump,3221 Donald Douglas Loop South,Santa Monica,90405,2,3.0
Gaucho Grill - Brentwood,11754 San Vicente Blvd,Brentwood,90049,2,2.5
Sweet Rose Creamery,"225 26th Street, Suite 51",Los Angeles,90402,1,4.0
Sor Tino,908 S. Barrington Avenue,Los Angeles,90049,2,3.0
Osteria Latini,11712 San Vicente Blvd.,Los Angeles,90049,2,4.0
Katsuya,11777 San Vicente Boulevard,Los Angeles,90049,3,3.0
Toscana,11633 San Vicente Boulevard,Los Angeles,90049,3,4.0
Vincenti Ristorante,11930 San Vicente Boulevard,Los Angeles,90049,2,2.0
Craft,10100 Constellation Boulevard,Los Angeles,90067,4,3.0
Park Grill,2151 Avenue of the Stars,Los Angeles,90067,2,3.0
RockSugar Pan Asian Kitchen,10250 Santa Monica Boulevard # 654,Los Angeles,90067,2,3.0
Clementine,1751 Ensley Avenue,Los Angeles,90024,2,2.5
Seasons 52,10250 Santa Monica Blvd.,Los Angeles,90067,3,3.5
Jer-Ne,4375 Admiralty Way,Marina del Rey,90292,3,3.5
Cafe Del Rey,4451 Admiralty Way,Marina Del Rey,90292,3,3.5
Shanghai Red's,13813 Fiji Way,Marina del Rey,90292,2,3.0
Leaf Organics,11938 West Washington Boulevard,Los Angeles,90066,1,3.0
Beechwood,822 Washington Blvd.,Marina Del Rey,90292,2,4.0
Akasha,9543 Culver Boulevard,Culver City,90232,2,3.0
Tender Greens,9523 Culver Boulevard,Culver City,90232,1,3.0
Rush Street,9546 Washington Boulevard,Culver City,90232,1,3.0
Fraiche,9411 Culver Boulevard,Culver City,90232,2,3.0
Duke's Malibu,21150 Pacific Coast Highway,Malibu,90265,3,3.0
Moonshadows,20356 Pacific Coast Highway,Malibu,90265,2,3.0
Terra,21337 Pacific Coast Highway,Malibu,90265,3,3.0
Beau Rivage,26025 Pacific Coast HWY.,Los Angeles,90265,3,3.0
BLVD 16,10740 Wilshire Boulevard,Los Angeles,90024,2,3.5
Elysee Bakery and Cafe,1099 Gayley Avenue,Los Angeles,90024,1,0.0
Diddy Riese,926 Broxton Avenue,Los Angeles,90024,1,4.0
Tengu - Westwood Village,10853 Lindbrook Drive,Los Angeles,90024,2,4.0
Ado,796 Main Street,Los Angeles,90291,2,3.0
Chaya - Venice,110 Navy Street,Los Angeles,90291,4,4.0
Piccolo,5 Dudley Avenue,Venice,90291,2,2.0
Gladstones,17300 Pacific Coast Highway,Los Angeles,90272,2,3.0
Pearl Dragon,15229 West Sunset Boulevard,Los Angeles,90272,2,2.0
Harissa Restaurant,8914 Pico Blvd,Los Angeles,90035,1,4.5
Shilo's,8939 Pico Boulevard,Los Angeles,90035,3,3.0
The Restaurant at the Hotel Bel-Air,701 Stone Canyon Road,Los Angeles,90077,3,3.5
Vibrato Jazz Grill,2930 North Beverly Glen Circle,Los Angeles,90077,2,2.0
La Serenata,10924 West Pico Boulevard,Los Angeles,90064,2,4.0
Mori Sushi,11500 West Pico Boulevard,Los Angeles,90064,2,3.5
Inn of the Seventh Ray,128 Old Topanga Canyon Road,Topanga,90290,3,3.5
The Palm - West Hollywood,9001 Santa Monica Boulevard,Los Angeles,90069,3,4.0
Tower Bar,8358 West Sunset Boulevard,Los Angeles,90069,2,3.0
Nishimura,8684 Melrose Avenue,Los Angeles,90069,3,3.0
Madeo,8897 Beverly Boulevard,Los Angeles,90048,2,3.5
STK,755 North La Cienega Blvd,Los Angeles,90069,3,4.0
Sur,606 North Robertson Boulevard,Los Angeles,90069,3,3.0
Katana,8439 West Sunset Boulevard,Los Angeles,90069,3,3.0
Ajisai,809 Palm Ave.,Los Angeles,90069,2,3.0
Sweet Lady Jane,"8360 Melrose Avenue Los Angeles, CA",Los Angeles,90069,2,3.5
Comme Ca,8479 Melrose Avenue,West Hollywood,90069,3,4.0
Lola's,945 N. Fairfax Avenue,Los Angeles,90046,3,3.5
The Foundry on Melrose,7465 Melrose Ave.,Los Angeles,90046,2,4.0
Dan Tana's,9071 Santa Monica Blvd.,West Hollywood,90069,4,4.0
Il Piccolino,350 N. Robertson Blvd.,West Hollywood,90048,2,3.0
The Village Idiot,7383 Melrose Ave.,Los Angeles,90046,2,3.0
Gordon Ramsay at the London West Hollywood,1020 N. San Vicente Blvd.,Los Angeles,90069,3,4.0
Taste,8454 Melrose Ave,West Hollywood,90069,2,3.5
Nonna of Italy,9255 West Sunset Boulevard,West Hollywood,90069,2,3.5
Cafe La Boheme,8400 Santa Monica Blvd,West Hollywood,90069,3,4.0
BOA - West Hollywood,9200 Sunset Boulevard,West Hollywood,90069,3,4.0
Ago,8478 Melrose Avenue,West Hollywood,90069,3,3.5
Bossa Nova - West LA,685 North Robertson Boulevard,Los Angeles,90069,2,3.5
The Veggie Grill,8000 West Sunset Boulevard,Los Angeles,90046,1,4.0
The Griddle Cafe,7916 West Sunset Boulevard,Los Angeles,90046,1,3.0
Lucques,8474 Melrose Avenue,Los Angeles,90069,3,4.0
Cecconi's,8764 Melrose Avenue,Los Angeles,90069,1,3.0
BLT Steak,8720 Sunset Boulevard,West Hollywood,90069,4,4.0
Asia de Cuba,8440 Sunset Blvd.,West Hollywood,90069,3,4.5
Il Sole,8741 W. Sunset Blvd,West Hollywood,90069,2,4.0
XIV,8117 Sunset Boulevard,Los Angeles,90046,3,3.0
Fat Fish,616 North Robertson Boulevard,Los Angeles,90069,2,2.0
Sona,401 North La Cienega Blvd.,Los Angeles,90048,4,4.0
Melrose Bar and Grill,8826 Melrose Avenue,Los Angeles,90069,2,3.0
Dolce,8284 Melrose Avenue,Los Angeles,90046,3,4.0
Doug Arango's,8826 Melrose Avenue,Los Angeles,90069,3,3.5
Bastide,8475 Melrose Place,Los Angeles,90069,3,3.5
Le Dome,8720 Sunset Blvd.,Los Angeles,90069,3,3.5
L'Orangerie,903 North La Cienega Blvd.,Los Angeles,90069,3,4.5
Blowfish Sushi,9229 Sunset Blvd.,Los Angeles,90069,2,3.5
The Courtyard,8543 Santa Monica Blvd,Los Angeles,90069,2,2.0
Ketchup,8590 Sunset Blvd.,Los Angeles,90069,4,2.5
Gozar,8948 Santa Monica Blvd.,Los Angeles,90069,2,3.0
Ten20,1020 N. San Vicente Blvd,Los Angeles,90069,3,3.0
Citrine,8360 Melrose Avenue,Los Angeles,90069,3,4.5
Norman's,8570 W. Sunset Blvd.,Los Angeles,90069,3,4.5
Dukes West Hollywood,8909 Sunset Boulevard,Los Angeles,90069,1,2.5
Empress,8264 West Sunset Blvd,Los Angeles,90046,3,3.0
Rivera,1050 South Flower Street #102,Los Angeles,90015,2,4.0
Noé,251 South Olive Street,Los Angeles,90012,3,3.5
Traxx,800 North Alameda Street,Los Angeles,90012,2,3.5
Pete's Cafe and Bar,400 South Main Street,Los Angeles,90013,2,3.0
Bottega Louie,700 South Grand Avenue,Los Angeles,90017,2,3.0
WP24,900 W. Olympic Blvd,Los Angeles,90015,4,3.5
Pacific Dining Car,1310 West 6th Street,Los Angeles,90017,3,4.0
Nick & Stef's Steakhouse,330 S. Hope Street,Los Angeles,90071,3,4.0
Chaya - Downtown,525 South Flower St.,Los Angeles,90071,2,3.5
Engine Co. No. 28,644 S. Figueroa Street,Los Angeles,90017,2,3.5
The Lazy Ox Canteen,241 South San Pedro Street,Los Angeles,90012,2,3.0
Takami Sushi and Robata Restaurant,811 Wilshire Boulevard,Los Angeles,90017,2,2.5
The Palm - Downtown,1100 South Flower Street,Los Angeles,90015,3,4.0
Cicada,617 South Olive Street,Los Angeles,90014,4,4.0
Cafe Pinot,700 West Fifth Street,Los Angeles,90071,3,3.5
Water Grill,544 South Grand Avenue,Los Angeles,90071,2,3.5
Pitfire Pizza Company,108 West 2nd Street,Los Angeles,90012,2,3.0
City Club on Bunker Hill,333 South Grand Avenue,Los Angeles,90071,3,0.0
BottleRock,1050 Flower Street # 167,Los Angeles,90015,2,3.0
Corkbar,403 West 12th Street,Los Angeles,90015,2,3.0
Patina,141 South Grand Avenue,Los Angeles,90012,3,4.5
Sai Sai Restaurant,506 South Grand Avenue,Los Angeles,90071,3,3.5
Church & State,1850 East Industrial Street,Los Angeles,90021,2,3.0
Cicada (Duplicate),617 S Olive Street,Los Angeles,90014,4,4.0
Ciudad,445 South Figueroa Street,Los Angeles,90071,3,3.5
Blue Velvet,750 S. Garland Avenue,Los Angeles,90017,4,3.0
J Lounge and Restaurant,1119 South Olive Street,Los Angeles,90015,2,3.0
Ciao Trattoria,815 W 7th Street,Los Angeles,90017,2,3.5
La Boca del Conga Room,800 W Olympic Blvd,Los Angeles,90015,3,3.5
Zucca Ristorante,801 S Figueroa Street,Los Angeles,90017,2,4.0
Windows,1150 S Olive Street,Los Angeles,90015,3,3.5
Providence,5955 Melrose Avenue,Los Angeles,90038,4,4.5
Bossa Nova - Hollywood,7181 W. Sunset Blvd,Los Angeles,90046,2,3.0
25 Degrees,7000 Hollywood Blvd,Los Angeles,90028,2,3.0
Osteria Mozza,6602 Melrose Avenue,Los Angeles,90038,3,3.0
Cinespace,6356 Hollywood Blvd,Los Angeles,90028,2,3.0
Yamashiro,1999 N. Sycamore Ave,Hollywood,90068,3,3.0
Xiomara on Melrose,6101 Melrose Avenue,Los Angeles,90036,2,3.0
Ammo,1155 N. Highland Ave,Los Angeles,90038,3,3.5
Hatfield's,6703 Melrose Avenue,Los Angeles,90038,2,3.5
Delphine Eatery & Bar,6250 Hollywood Boulevard,Los Angeles,90028,3,3.0
Lucky Strike,6801 Hollywood Blvd.,Los Angeles,90028,2,3.5
Beso,6350 Hollywood Blvd,Los Angeles,90028,3,3.0
The Well,6255 Sunset Blvd,Los Angeles,90028,1,3.0
Aroma Bakery & Cafe,7373 Sunset Blvd,Los Angeles,90046,1,3.5
Roscoe's House of Chicken 'n Waffles,1518 N. Gower St,Los Angeles,90028,1,2.5
Sourtooth,1999 N Sycamore Ave,Los Angeles,90068,2,4.0
Ritual,1743 N. Cahuenga Blvd.,Los Angeles,90028,2,3.0
Dar Maghreb,7651 Sunset Blvd,Los Angeles,90046,2,3.0
Melograno,6541 Hollywood Boulevard,Los Angeles,90028,2,4.0
Brasserie Vert,6801 Hollywood Blvd #411,Los Angeles,90028,3,3.5
Table 8,7661 Melrose Avenue,Los Angeles,90046,2,2.0
Bella Cucina Italiana,1708 N. Las Palmas Avenue,Los Angeles,90028,3,4.0
Geisha House,6633 Hollywood Blvd,Los Angeles,90028,3,3.0
Falcon,7213 Sunset Blvd.,Los Angeles,90046,2,3.5
Carlitos Gardel,7963 Melrose Avenue,Los Angeles,90046,2,3.0
The Little Door,8164 West 3rd Street,Los Angeles,90048,2,2.0
JAR,8225 Beverly Boulevard,Los Angeles,90048,2,3.0
Electric Karma,8222 W. 3rd Street,Los Angeles,90048,2,3.0
Fig & Olive,8490 Melrose Place,Los Angeles,90069,3,3.0
Koi,730 North La Cienega Boulevard,Los Angeles,90069,3,3.5
Sushi Roku,8445 West 3rd Street,Los Angeles,90048,2,3.5
A.O.C.,8700 West 3rd Street,Los Angeles,90048,2,3.5
Ortolan,8338 West 3rd Street,Los Angeles,90048,3,4.5
Terroni,7605 Beverly Boulevard,Los Angeles,90036,2,3.0
Animal,435 N. Fairfax Avenue,Los Angeles,90036,2,3.0
Chameau,339 N. Fairfax Avenue,Los Angeles,90036,2,3.0
Angelini Osteria,7313 Beverly Blvd,Los Angeles,90036,2,3.5
Grace,7360 Beverly Blvd,Los Angeles,90036,2,3.0
All'Angelo,7166 Melrose Avenue,Los Angeles,90046,3,3.0
Cobras and Matadors,7615 Beverly Blvd.,Los Angeles,90036,2,3.0
Aroma Restaurant,2903 W. Sunset Blvd.,Los Angeles,90026,2,3.5
Blair's,2903 Rowena Avenue,Los Angeles,90039,2,3.5
Edendale,2838 Rowena Avenue,Los Angeles,90039,3,4.0
Barbrix,2442 Hyperion Avenue,Los Angeles,92027,2,3.0
Tantra,3705 W. Sunset Blvd.,Los Angeles,90026,2,3.5
Cru,1521 Griffith Park Blvd.,Los Angeles,90026,2,3.0
Amalfi,143 North La Brea Avenue,Los Angeles,90036,2,3.5
Pizzeria Mozza,641 North Highland Avenue,Los Angeles,90036,3,3.0
The Tar Pit,609 North La Brea Avenue,Los Angeles,90036,1,3.5
Campanile,624 South La Brea Avenue,Los Angeles,90036,3,4.0
Bloom Cafe,5544 Pico Boulevard,Los Angeles,90019,2,3.0
Beacon,3280 Helms Avenue,Los Angeles,90034,2,3.0
Toast Bakery & Cafe,8221 West 3rd. Street,Los Angeles,90048,2,3.5
Morels French Steakhouse & Bistro,189 The Grove Drive,Los Angeles,90036,3,4.0
M Grill,3832 Wilshire Boulevard,Los Angeles,90010,2,3.5
Palsaik Samgyupsal Korean BBQ,"863 S Western Ave Los Angeles, CA",Los Angeles,90005,2,3.5
Vermont,1714 N Vermont Avenue,Los Angeles,90027,2,2.0
Alcove Cafe & Bakery,1929 Hillhurst Avenue,Los Angeles,90027,1,4.0
Brownstone LA,5047 W Pico Blvd,Los Angeles,90019,2,4.5
Papa Cristo's,2771 W Pico Blvd,Los Angeles,90006,2,3.0
Grand Lux Cafe,121 North La Cienega Boulevard,Los Angeles,90048,2,3.0
Square One Dining,4854 Fountain Avenue,Los Angeles,90029,2,3.5
Wilson Harding Clubhouse,4730 Crystal Springs Drive,Los Angeles,90027,3,3.0
ROYALE,2619 Wilshire Blvd.,Los Angeles,90057,4,0.0
Pescadou Bistro,3325 Newport Blvd,Newport Beach,92663,2,4.5
Bluewater Grill,630 Lido Park Drive,Newport Beach,92663,2,3.5
21 Oceanfront Restaurant,2100 West Oceanfront,Newport Beach,92663,3,3.5
Billy's at the Beach,2751 West Coast HIghway,Newport Beach,92663,2,3.5
The Ritz,880 Newport Center Drive,Newport Beach,92660,3,4.5
The First Cabin,1221 West Coast Highway,Newport Beach,92663,3,3.5
Rusty Pelican,2735 West Coast Highway,Newport Beach,92663,3,3.0
Roy's,453 Newport Center Drive,Newport Beach,92660,3,3.5
The Cannery,3010 LaFayette Road,Newport Beach,92663,2,3.0
Sam and Harry's,"900 Newport Center Drive, Newport Beach",Los Angeles,92660,3,3.5
Cucina Alessa,6700 W. Coast Hwy  Newport Beach,Los Angeles,92663,2,3.0
The Lido Deck Restaurant and Wine Bar,3420 Via Oporto Suite 101 Newport Beach,Los Angeles,92663,3,3.0
French 75,327 Newport Center Drive,Los Angeles,92660,3,3.5
CapriBlu,1617 Westcliff Drive,Los Angeles,92660,2,3.5
Oysters,2515 Pacific Coast HIghway,Newport Beach,92625,3,3.5
Las Brisas,361 Cliff Drive,Laguna Beach,92651,3,4.0
Cafe Zoolu,860 Glenneyre Street,Laguna Beach,92651,3,3.0
Sundried Tomato Cafe,361 Forest Avenue,Laguna Beach,92651,2,3.0
Aegean Cafe,540 South Coast Highway,Laguna Beach,92651,2,3.5
Mosun Sushi and Sake ,680 S Coast Hwy Laguna Beach,Los Angeles,92651,2,3.0
Five Feet,328 Glenneyre Street,Laguna Beach,92651,2,3.5
Hush,858 S. Coast Hwy,Laguna Beach,92651,3,4.0
The Golden Truffle,1767 Newport Boulevard,Costa Mesa,92627,2,3.5
Sutra Lounge,1870 Harbor Boulevard,Costa Mesa,92627,3,3.5
Pinot Provence,686 Anton Boulevard Costa Mesa,Los Angeles,92626,2,3.0
Zipangu,2930 Bristol St Costa Mesa,Los Angeles,92626,2,3.0
La Cave,"1695 Irvine Ave., Costa Mesa",Los Angeles,92627,2,3.0
Chat Noir,655 Anton Blvd.,Costa Mesa,92626,3,3.5
Turner New Zealand,650 Anton Blvd.,Costa Mesa,92626,2,2.0
The Clubhouse,3333 Bristol Street,Costa Mesa,92626,2,3.5
Dana Point Yacht Club,24399 Dana Dr,Dana Point,92629,2,4.5
Salt Creek Grille Restaurant,32802 Pacific Coast Highway,Dana Point,92629,2,3.0
Gemmell's,34471 Golden Lantern,Dana Point,92629,3,3.5
Harpoon Henry's,34555 Golden Lantern,Dana Point,92629,2,3.0
Cannons ,Cannons is located at 34344 Street of the Green Lantern Dana Point,Los Angeles,92629,3,3.5
Mahe,"24961 Dana Point Harbor Drive, Dana Point",Los Angeles,92629,3,3.5
Stonehill Tavern,"St. Regis Resort, Monarch Beach 1 Monarch Beach Resort Dana Point",Los Angeles,92629,3,3.5
Snowopolis - Anaheim,400 Disney Way #184,Anaheim,92802,1,4.0
Catal Restaurant & Uva Bar,1580 Disneyland Drive,Anaheim,92803,2,3.5
Jazz Kitchen,1590 South Disneyland Drive,Anaheim,92802,2,3.0
Napa Rose,1600 S. Disneyland Dr.,Anaheim,92802,3,4.0
Anaheim White House,887 South Anaheim Boulevard,Anaheim,92805,3,3.0
Four Sons Distilling,18421 Gothard St #400,Huntington Beach,92648,1,4.5
Shades Restaurant and Bar,21100 Pacific Coast Highway,Huntington Beach,92648,2,3.5
Spark Woodfire Grill - Huntington Beach,300 Pacific Coast Highway,Huntington Beach,92648,2,3.5
Antonello Ristorante,3800 South Plaza Dr.,Santa Ana,92704,3,3.5
Orange County Mining Company,10000 Crawford Canyon Road,Santa Ana,92705,2,3.5
Darya,3800 South Plaza Drive,Santa Ana,92704,3,3.5
Taps Fish House and Brewery,101 E Imperial Hwy Brea,Los Angeles,92821,3,0.0
Gaucho Grill - Closed,210 W. Birch Street,Los Angeles,92821,2,3.0
Bandera,3201 East Coast Highway,Corona Del Mar,92625,2,3.0
Fish in a Bottle Sushi & Grill - Cypress,10205 Valley View St,Cypress,90630,2,4.5
Sammy's Woodfired Pizza & Grill - El Segundo,780 South Sepulveda Blvd.,Los Angeles,90245,1,3.0
The Cellar,305 North Harbor Boulevard,Fullerton,92832,3,3.5
Oceans 33,799 The Shops Blvd.,Mission Viejo,92691,3,3.5
Flights & Irons Urban Kitchen,376 Camino De Estrella,San Clemente,92672,2,4.0
Spaghettini Grill & Jazz Club,3005 Old Ranch Parkway,Seal Beach,90740,3,4.0
Sammy's Woodfired Pizza & Grill - Studio City,12050 Ventura Blvd.,Los Angeles,91604,1,3.0
Asanebo,11941 Ventura Blvd,Los Angeles,91604,3,4.0
Aroma Coffee & Tea Company,4360 Tujunga Avenue,Studio City,91604,1,4.0
Spark Woodfire Grill - Studio City,11801 Ventura Blvd.,Los Angeles,91604,3,3.5
Rocco's Tavern,12514 Ventura Blvd,Los Angeles,91604,1,3.0
Studio Yogurt,12050 Ventura Boulevard #C-105,Los Angeles,91604,1,3.5
Pinot Bistro,12969 Ventura Boulevard,Los Angeles,91604,2,3.5
Saddle Peak Lodge,419 Cold Canyon Road,Calabasas,91302,3,4.0
Cosmos Grill,23663 Calabasas Road,Calabasas,91302,2,3.0
Mi Piace,4799 Commons Way,Calabasas,91302,2,3.0
Canelé,3219 Glendale Boulevard,Los Angeles,90039,2,3.0
Bashan,3459 N. Verdugo Road,Glendale,91208,3,3.5
Mandaloun,141 S. Maryland Avenue,Glendale,91204,2,3.0
Pita Kitchen,14500 Ventura Boulevard,Los Angeles,91403,2,3.0
Panzanella Ristorante,14928 Ventura Blvd.,Los Angeles,91403,2,3.5
Marmalade Cafe,14910 Ventura Boulevard,Los Angeles,91403,1,3.5
Little Cuba,3614 W Magnolia Blvd,Burbank,91505,1,4.5
Castaway,1250 Harvard Rd,Burbank,91501,2,3.5
Kickin KAsian - Encino,17620 Ventura Blvd,Encino CA,91316,3,4.5
More Than Waffles,17200 Ventura Boulevard,Los Angeles,91316,1,3.5
Ninong's Cafe,19524-3 Nordhoff St,Northridge,91324,1,4.5
Noah's Ark Cuisine,10315 Zelzah Ave,Northridge,91326,1,3.5
D'Cache Restaurant,10719 Riverside Dr,Toluca Lake,91602,2,3.0
Ca Del Sole,4100 Cahuenga Blvd.,Los Angeles,91602,2,4.0
The Rack,6100 Topanga Canyon Boulevard  #2150,Westfield Promenade,91367,1,0.0
Bistro 45,45 S. Mentor Avenue,Pasadena,91101,3,3.5
Arroyo Chop House,536 S. Arroyo Pkwy.,Pasadena,91105,3,3.5
Maison Akira,713 E. Green Street,Pasadena,91101,3,3.5
Parkway Grill,510 S. Arroyo Parkway,Pasadena,91105,3,3.0
Claud & Co. - tap & kitchen,488 N Allen Avenue,Pasadena,91104,2,4.5
Elements Kitchen,37 S. El Molino Ave,Pasadena,91101,2,3.0
Twin Palms,101 West Green Street,Los Angeles,91105,2,3.0
Yujean Kang's,67 N. Raymond Avenue,Pasadena,91103,2,3.0
Trattoria Tre Venezie,119 W. Green Street,Pasadena,91105,4,3.0
Basin 141 Monrovia,402 S Myrtle Ave,Monrovia,91016,2,4.5
Myrtle Tree Cafe,405 S. Myrtle Avenue,Monrovia,91016,1,4.5
Cafe 91,"1100 N Grand Ave. Bldg 78, 1190",Walnut,91789,2,4.0
Din Tai Fung,1108 South Baldwin Avenue,Arcadia,91007,2,3.0
Cima at Pacific Palms Resort,1 Industry Hills Parkway,City of Industry,91744,3,3.0
Hamilton's Steakhouse & Banquets,1211 E Garvey St,Covina,91724,2,4.5
Dish,734 Foothill Blvd.,La Cañada Flintridge,91011,2,3.5
Venice Room,2428 S Garfield Ave,Monterey Park,91754,1,4.5
Snowopolis - Montebello,1467 N Montebello Blvd,Montebello,90640,1,4.0
Coco Palm,1600 Fairplex Dr.,Pomona,91768,3,3.5
Snowopolis - Long Beach,22 Aquarium Way,Long Beach,90802,1,4.0
Agaves Kitchen and Tequila,200 Pine Avenue,Long Beach,90802,2,2.5
Gaucho Grill - Long Beach,200 Pine Avenue,Long Beach,90802,2,2.5
Starling Diner,4114 E 3rd St,Los Angeles,90814,2,3.5
555 East Restaurant,555 Ocean Blvd.,Long Beach,90802,3,3.5
La Parolaccia,2945 East Broadway,Long Beach,90803,2,3.0
Nico's,5760 E. 2nd Street,Long Beach,90803,3,3.5
The Sky Room,40 S. Locust Avenue,Long Beach,90802,3,3.0
McKenna's on the Bay,190 Marina Drive,Long Beach,90803,3,4.0
The Reef,880 Harbor Scenic Drive,Long Beach,90802,2,3.5
Cafe Sevilla Long Beach,140 Pine Avenue,Long Beach,90802,2,3.5
La Traviata,301 Cedar Avenue,Long Beach,90802,3,3.0
Cucina Picarelli,5096 East Pacific Coast Highway,Long Beach,90804,2,3.0
Dal Rae,9023 E. Washington Blvd.,Pico Rivera,90660,3,3.0
Cuistot,72597 El Paseo,Palm Desert,92260,3,4.5
Ristorante Mamma Gina,73-705 El Paseo,Palm Desert,92260,3,3.5
Sammy's Woodfired Pizza & Grill - Palm Desert,73-595 El Paseo Road,Palm Desert,92260,1,3.0
Morgan's in the Desert,"49-499 Eisenhower Drive La Quinta, CA ",Los Angeles,92253,3,3.5
Rattlesnake,46-200 Harrison Place,Palm Desert,92236,3,3.5
Seven Lakes Country Club,1 Desert Lakes Dr,Palm Springs,92264,2,4.5
Melvyn's,200 West Ramon Road,Palm Springs,92264,3,3.5
Spencers Restaurant,701 W. Baristo,Palm Springs,92262,2,3.5
Steakhouse at the Spa Resort Casino,401 E. Amado Street,Palm Springs,92262,3,3.5
Silky Smooth,12625 Frederick St #I-6,Moreno Valley,92553,1,4.5
The Sugarloaf Cafe & Market,70111 CA-74,Mountain Center,92561,1,4.5
Lido di Manhattan,"1550 Rosecrans Avenue, Suite G",Manhattan Beach,90266,3,3.0
Cafe Pierre,317 Manhattan Beach Blvd,Manhattan Beach,90266,3,3.0
Second Story,3501 Sepulveda Blvd.,Manhattan Beach,90266,2,3.5
Petro's,451 Manhattan Beach Blvd,Manhattan Beach,90266,2,3.5
Rock' N Fish,120 Manhattan Beach Blvd.,Manhattan Beach,90266,2,3.0
Avenue,1141 Manhattan Avenue,Manhattan Beach,90266,3,3.5
Michi,903 Manhattan Avenue,Los Angeles,90266,3,3.0
Bistro du Soleil,6805 Vista Del Mar Lane,Los Angeles,90293,2,3.0
Christine,24530 Hawthorne Blvd,Torrance,90505,2,3.5
The Buggy Whip,7420 La Tijera Blvd.,Los Angeles,90045,3,3.0
Goat Tree,36 State St,Santa Barbara,93101,1,4.5
Downey's,1305 State Street,Santa Barbara,93101,3,3.0
Bouchon,9 W. Victoria Street,Santa Barbara,93101,3,4.5
The Wine Cask,813 Anacapa Street,Santa Barbara,93101,3,3.0
The Palace Grill,8 E. Cota Street,Santa Barbara,93101,2,3.0
Holdren's Steakhouse,512 State Street,Santa Barbara,93101,3,3.5
Lucky's,1270 Coast Village Road,Santa Barbara,93108,2,2.0
Smokin Jacks KC BBQ,3807 Santa Claus Lane,Carpinteria,93013,2,3.0
Pancho Villa's Mexican Grill,10210 Juniper Ave,Fontana,92335,2,3.0
China One,15268 Summit Avenue,Fontana,92336,1,2.5
Alina's Lebanese Cuisine,2250 S Archibald Avenue,Ontario,91761,1,3.0
Haandi Indian Cuisine,7890 Haven Avenue Suite #15,Rancho Cucamonga,91730,2,3.0
La Volata Pizzeria,1453 Ford St #101,Redlands,92373,2,4.5
Happy Family,2150 S Waterman Avenue,San Bernardino,92408,2,3.0
Greek House Cafe,2375 Sycamore Dr.,Simi Valley,93065,1,4.0
Chi Chi's Pizza,5145 E Los Angeles Ave,Simi Valley,93063,2,3.5
Bamboo Cafe,2792 Cochran St,Simi Valley,93065,2,3.5
Red Fish,1555 Simi Town Center Way,Simi Valley,93065,2,3.0
Pacific by NoRu,"394 East Main St, Suite B",Ventura,93001,2,4.5
Shoals Restaurant at the Cliff House Inn,6602 Old Pacific Coast Hwy,Ventura,93001,2,4.5
Bacaro LA,2308 S Union Ave.,Los Angeles,90007,2,3.5
La Taquiza No 2,3009 S Figueroa St.,Los Angeles,90007,1,3.0
Harold & Belle's,2920 West Jefferson Boulevard,Los Angeles,90018,2,3.5
Gino's Italian Restaurant,819 W Palmdale Blvd,Palmdale,93551,2,3.0
Shogun,828 E. Avenue Q6,Palmdale,93550,2,3.5
Lemon Leaf Cafe,653 W. Lancaster Blvd,Palmdale,93534,2,3.0
Lima Limon,26845 Bouquet Canyon Road,Santa Clarita,91350,2,3.0
Piccola Trattoria,18302 Sierra Hwy,Santa Clarita,91351,2,3.5
Siam Rice II,25845 San Fernando Rd.,Santa Clarita,91350,2,3.0
